"IpAddress","Quantity"
"63.160.106.254",7598
"70.35.196.129",862
"66.235.124.132",620
"98.233.224.22",553
"65.111.73.143",527
"65.216.225.34",522
"68.193.31.223",456
"69.250.29.214",452
"65.111.76.4",421
"74.107.117.142",413
"178.63.50.145",392
"198.99.32.5",383
"68.33.68.105",360
"76.235.204.95",350
"216.158.0.100",342
"69.140.136.210",320
"68.171.231.19",310
"98.233.201.249",291
"65.111.73.50",288
"70.22.1.76",284
"38.99.96.101",266
"207.255.179.186",266
"76.100.62.182",261
"70.109.65.17",257
"67.233.48.246",255
"74.103.36.138",234
"38.101.36.70",234
"71.166.13.119",229
"65.210.63.19",223
"71.200.74.24",222
"67.131.130.13",221
"148.177.0.100",221
"71.179.98.2",220
"71.246.64.171",220
"96.234.184.212",217
"173.75.170.208",217
"98.192.255.38",217
"71.166.66.230",217
"68.33.106.229",216
"69.140.200.85",216
"76.100.6.92",216
"72.81.204.114",215
"69.255.194.47",215
"71.213.200.174",214
"71.166.91.180",214
"108.3.243.249",213
"167.102.229.77",213
"209.135.35.83",212
"98.233.116.173",212
"98.237.108.170",212
"71.23.215.232",211
"174.49.223.2",211
"71.206.25.34",211
"66.188.251.201",211
"96.234.194.207",211
"68.55.78.56",211
"98.117.47.39",211
"68.33.173.118",211
"68.33.69.253",211
"76.100.3.20",211
"69.171.168.180",211
"76.100.102.36",211
"151.196.187.204",211
"76.100.77.20",211
"216.214.93.242",211
"69.255.118.66",210
"173.79.152.13",210
"68.50.70.66",210
"204.156.24.239",210
"98.233.134.69",210
"65.111.72.61",209
"67.83.46.37",207
"209.169.211.116",207
"96.234.234.230",207
"68.46.88.8",206
"207.59.178.38",206
"96.234.184.210",206
"68.188.135.34",206
"74.166.245.189",205
"98.154.156.142",205
"98.204.254.246",204
"206.205.249.5",203
"121.222.126.100",199
"74.193.105.214",198
"24.2.114.64",197
"71.173.99.79",197
"184.1.72.84",196
"70.251.108.196",196
"66.177.166.175",196
"208.138.16.216",196
"71.214.108.34",194
"76.104.247.146",194
"98.113.159.52",194
"63.80.166.126",194
"74.106.230.30",193
"166.137.136.177",193
"71.179.198.174",193
"202.173.160.70",192
"165.68.31.67",189
"68.55.81.98",188
"75.32.34.84",188
"71.202.248.14",188
"202.62.85.173",188
"71.105.50.245",188
"91.107.169.215",188
"86.172.181.195",188
"173.19.158.224",188
"173.79.132.59",188
"96.42.65.254",187
"98.196.98.250",187
"24.60.153.187",187
"98.231.83.243",187
"76.22.70.226",187
"69.244.234.80",187
"24.192.89.111",187
"99.63.187.85",187
"72.220.93.82",187
"98.199.217.2",187
"174.100.11.163",187
"98.215.249.143",187
"76.237.177.37",187
"108.12.90.23",187
"24.124.43.13",187
"67.251.17.107",187
"76.102.95.135",187
"66.75.14.127",187
"67.161.57.241",187
"69.181.200.144",187
"120.21.230.250",187
"74.185.69.83",187
"88.108.20.21",187
"74.140.16.89",187
"86.45.130.188",187
"67.86.14.150",187
"69.246.252.233",186
"99.248.204.48",186
"166.205.13.202",186
"98.15.189.69",186
"86.6.68.143",186
"24.112.146.81",185
"173.75.182.226",185
"68.112.117.203",185
"68.8.232.232",183
"74.99.65.139",183
"68.55.213.113",183
"98.218.65.39",183
"90.200.33.124",183
"70.230.165.127",182
"193.77.233.242",182
"12.159.172.179",181
"38.114.82.101",180
"69.140.26.161",178
"76.114.175.128",178
"67.195.111.167",177
"108.3.230.195",165
"66.249.71.200",164
"68.49.64.244",159
"112.205.86.128",156
"69.143.64.16",155
"108.25.35.62",154
"68.33.69.37",154
"173.13.250.17",152
"68.49.201.184",151
"96.241.162.43",150
"74.72.115.108",150
"173.13.234.17",150
"173.66.131.31",149
"69.88.47.81",147
"74.100.50.247",146
"69.250.187.230",144
"38.99.96.202",144
"68.55.221.152",143
"98.204.219.173",143
"76.116.48.198",142
"173.69.153.207",142
"173.52.108.223",142
"69.251.219.41",142
"75.93.51.193",142
"98.218.48.214",141
"206.53.153.134",141
"68.54.173.95",141
"68.49.141.208",141
"68.49.200.88",141
"76.26.130.127",141
"69.251.145.249",141
"173.64.90.216",141
"173.18.146.111",141
"96.234.187.24",141
"74.103.32.176",141
"69.136.238.189",141
"75.94.93.147",141
"122.171.8.113",141
"74.46.216.115",140
"69.251.144.10",140
"71.228.215.137",140
"68.227.123.190",140
"67.142.170.25",140
"69.243.13.145",139
"71.166.107.3",139
"98.116.89.159",139
"208.95.69.49",139
"71.166.76.219",139
"76.100.101.46",139
"71.166.122.122",139
"69.244.76.35",139
"69.62.129.42",139
"208.81.216.8",138
"205.215.251.46",138
"71.206.30.148",137
"184.59.145.11",136
"71.179.150.127",136
"222.154.152.15",136
"184.199.16.155",134
"69.140.185.241",133
"98.204.213.23",133
"68.33.26.237",132
"70.178.240.17",131
"69.251.56.87",131
"76.118.10.63",130
"76.123.7.105",130
"109.211.16.143",130
"173.64.74.9",130
"98.220.119.122",129
"162.129.251.25",129
"71.179.83.217",129
"68.49.114.37",128
"71.174.177.136",128
"68.13.65.80",128
"204.194.77.3",128
"91.93.47.170",128
"70.167.158.162",127
"24.35.83.56",127
"76.95.163.73",127
"76.84.120.195",127
"65.241.18.25",127
"79.179.121.56",127
"190.131.53.87",126
"75.192.246.196",125
"24.140.170.185",124
"108.3.210.248",123
"68.171.234.185",119
"75.195.4.252",119
"70.121.229.19",118
"71.126.191.122",116
"97.102.104.77",115
"208.54.35.88",115
"166.216.130.77",114
"202.75.83.213",112
"162.119.68.249",108
"208.54.35.89",105
"208.54.35.44",101
"173.59.244.64",98
"71.179.158.125",95
"97.73.64.147",94
"108.3.180.102",89
"96.244.46.146",81
"134.192.81.194",81
"98.204.222.216",80
"98.233.53.105",79
"75.197.95.252",79
"75.197.151.165",79
"69.243.12.175",79
"71.246.85.138",79
"173.67.58.26",79
"69.143.116.98",78
"173.10.139.205",78
"173.67.36.236",78
"74.106.86.231",78
"68.49.156.118",78
"173.69.192.140",78
"24.126.73.68",78
"208.103.134.205",78
"98.140.233.18",78
"98.233.52.175",78
"207.216.129.94",78
"173.67.57.83",78
"98.233.65.4",78
"96.244.141.19",78
"68.50.219.78",78
"24.84.54.214",78
"74.92.131.161",78
"162.129.251.56",78
"151.196.52.184",78
"71.245.170.143",78
"66.240.13.9",77
"98.204.75.135",77
"97.90.239.130",77
"76.100.98.132",77
"66.233.228.31",77
"69.255.110.147",77
"76.114.136.27",77
"75.202.159.93",77
"72.81.215.186",77
"68.55.80.203",77
"74.243.232.10",77
"71.191.40.158",77
"108.3.164.18",77
"24.171.165.2",77
"74.103.103.176",77
"173.124.4.41",77
"71.214.227.238",77
"206.255.27.23",77
"76.21.144.197",77
"64.29.240.12",77
"96.240.221.224",77
"114.56.165.17",77
"98.233.43.69",77
"75.192.76.238",77
"68.33.27.253",76
"72.109.70.13",76
"173.64.117.7",76
"65.100.7.206",76
"75.67.1.109",76
"173.66.149.228",76
"98.117.43.59",76
"75.167.114.1",76
"71.166.3.50",76
"122.162.33.126",76
"69.237.93.16",76
"96.234.153.32",76
"96.244.233.242",76
"96.244.66.91",75
"24.35.51.115",75
"208.115.111.246",75
"125.165.79.186",75
"88.210.244.51",74
"208.54.35.91",73
"66.176.89.229",73
"68.48.46.132",73
"67.60.38.179",73
"184.33.6.119",72
"219.99.129.158",72
"24.126.69.92",72
"96.234.245.98",72
"151.196.166.120",72
"75.42.76.236",72
"66.16.82.237",72
"24.190.1.223",72
"66.249.71.57",68
"208.54.35.47",68
"74.46.215.57",66
"74.106.232.243",65
"147.126.170.34",64
"72.40.98.165",64
"98.232.187.114",64
"113.162.162.232",64
"68.38.180.95",64
"208.74.33.122",64
"74.103.83.17",64
"69.138.175.21",64
"173.79.235.234",63
"98.233.189.243",63
"72.81.255.103",62
"71.200.136.45",62
"71.132.128.78",62
"134.192.250.13",61
"68.55.59.60",60
"98.221.49.64",59
"67.66.76.164",59
"173.69.172.105",58
"116.93.137.173",58
"115.132.87.132",58
"173.59.241.109",58
"74.131.33.147",56
"76.111.189.97",56
"170.29.32.3",56
"121.45.204.1",56
"173.175.168.69",55
"108.3.185.105",53
"178.63.49.141",50
"137.191.240.98",49
"67.142.168.26",48
"24.126.64.21",42
"178.154.163.29",36
"67.195.114.54",36
"67.195.112.157",36
"178.63.49.139",36
"32.179.236.68",31
"121.54.97.244",30
"67.80.78.25",27
"98.204.104.208",26
"199.173.225.25",26
"67.20.168.241",24
"66.219.58.43",24
"66.185.0.228",23
"68.54.174.115",23
"184.19.129.197",22
"178.63.50.130",22
"207.46.12.168",21
"194.44.92.194",21
"207.46.12.203",20
"65.55.37.183",19
"66.235.124.11",18
"207.46.199.198",17
"199.253.177.237",17
"72.102.67.101",14
"209.51.162.219",14
"174.120.159.133",13
"69.250.177.84",12
"61.135.249.242",12
"12.159.169.4",11
"65.52.104.42",11
"64.233.172.6",10
"166.137.138.126",10
"74.102.30.7",9
"74.96.12.253",9
"173.79.52.98",9
"207.46.199.193",9
"209.99.19.8",9
"72.30.161.236",9
"66.249.71.112",8
"173.66.7.21",8
"74.125.75.1",8
"207.46.199.26",8
"122.172.118.102",8
"207.46.199.185",7
"207.46.204.243",7
"218.6.2.230",7
"85.186.255.233",7
"178.151.17.238",7
"67.152.29.130",7
"207.46.199.179",6
"207.46.199.178",6
"24.145.74.94",6
"68.55.61.141",6
"216.220.216.194",6
"108.3.145.131",5
"96.234.234.116",5
"67.234.69.191",5
"66.235.124.54",5
"96.244.92.247",5
"60.240.249.218",5
"207.46.199.55",5
"80.190.132.35",5
"204.116.215.48",5
"68.48.245.218",5
"216.220.216.183",5
"184.73.82.101",5
"12.169.18.97",5
"8.11.2.10",5
"96.244.146.116",4
"68.33.215.102",4
"207.46.195.107",4
"207.46.204.190",4
"75.192.37.176",4
"70.16.13.61",4
"68.50.70.73",4
"68.50.61.155",4
"200.29.139.66",4
"173.69.197.156",4
"207.46.13.51",4
"108.3.206.101",4
"72.81.249.2",4
"68.48.253.13",4
"207.46.204.193",4
"207.46.13.91",4
"98.204.218.15",4
"216.220.216.153",4
"216.220.216.181",4
"216.220.216.156",4
"216.220.216.155",4
"216.220.216.200",4
"207.46.199.184",4
"66.173.185.110",4
"69.143.152.125",4
"65.55.37.190",4
"68.50.144.128",4
"96.234.193.58",4
"207.46.12.237",3
"207.46.199.199",3
"65.52.49.75",3
"66.249.71.121",3
"207.46.195.241",3
"207.46.199.177",3
"207.46.13.99",3
"207.46.13.89",3
"207.46.13.84",3
"207.46.199.183",3
"208.54.35.37",3
"68.33.248.44",3
"123.125.66.92",3
"108.12.169.223",3
"207.46.199.50",3
"207.46.13.41",3
"67.71.28.134",3
"123.125.66.80",3
"207.46.195.223",3
"70.21.123.87",3
"207.46.13.137",3
"207.46.13.132",3
"69.255.89.246",3
"207.46.199.200",3
"207.46.195.234",3
"220.181.94.231",3
"69.137.234.98",3
"207.46.13.50",3
"65.52.51.179",3
"123.125.66.65",3
"207.46.13.44",3
"65.55.37.193",3
"207.46.204.19",3
"207.46.204.177",3
"207.46.195.236",3
"207.46.204.182",3
"65.52.108.60",3
"207.46.13.52",3
"207.46.13.96",3
"195.42.102.21",3
"184.73.114.248",3
"207.46.199.47",3
"216.220.216.173",3
"216.220.216.164",3
"216.220.216.209",3
"216.220.216.159",3
"216.220.216.193",3
"216.220.216.196",3
"216.220.216.204",3
"66.235.124.6",3
"173.69.167.111",3
"65.37.53.228",2
"207.46.199.51",2
"97.119.104.75",2
"69.143.97.89",2
"66.249.71.165",2
"207.46.204.197",2
"207.46.195.105",2
"76.111.94.208",2
"70.22.22.56",2
"162.83.52.24",2
"98.233.179.53",2
"207.46.204.242",2
"69.255.160.171",2
"66.235.124.59",2
"170.232.128.10",2
"207.46.12.241",2
"166.203.156.15",2
"207.46.12.239",2
"207.46.195.229",2
"65.52.51.178",2
"207.46.204.237",2
"66.249.85.1",2
"207.46.194.134",2
"72.23.70.21",2
"124.115.0.27",2
"72.63.220.35",2
"65.52.53.243",2
"123.125.66.130",2
"61.135.249.221",2
"72.45.26.2",2
"123.125.66.63",2
"207.46.199.44",2
"207.46.199.48",2
"207.46.13.86",2
"207.46.199.54",2
"207.46.204.184",2
"65.52.49.77",2
"207.46.204.233",2
"65.52.53.244",2
"69.97.211.48",2
"12.110.112.254",2
"123.125.66.129",2
"65.55.37.192",2
"96.234.234.205",2
"207.46.13.53",2
"207.46.13.134",2
"123.125.66.58",2
"65.55.37.191",2
"207.46.204.186",2
"207.46.12.236",2
"207.46.13.145",2
"75.112.155.86",2
"207.46.12.240",2
"174.129.228.67",2
"207.46.13.142",2
"195.122.230.254",2
"207.46.199.39",2
"207.46.13.45",2
"207.46.204.181",2
"207.46.13.131",2
"216.220.216.208",2
"216.220.216.162",2
"216.220.216.171",2
"216.220.216.160",2
"216.220.216.169",2
"216.220.216.158",2
"92.243.18.248",2
"207.46.199.45",2
"207.46.204.185",2
"207.46.13.47",2
"207.46.204.180",2
"124.115.1.8",2
"58.61.164.139",2
"207.46.195.242",2
"195.153.53.130",2
"207.46.13.146",2
"207.46.195.225",2
"84.177.58.229",2
"91.194.90.175",2
"80.141.63.69",2
"146.145.179.66",2
"70.22.18.127",2
"207.46.199.223",2
"207.46.195.233",1
"123.125.66.123",1
"208.109.236.159",1
"165.125.144.131",1
"123.125.66.67",1
"173.61.206.174",1
"138.88.48.208",1
"207.46.199.180",1
"207.46.13.87",1
"207.46.13.138",1
"123.125.66.37",1
"69.102.207.114",1
"69.207.114.102",1
"124.115.4.196",1
"123.125.66.87",1
"65.55.67.215",1
"207.46.204.244",1
"119.63.198.57",1
"119.63.198.47",1
"219.135.62.12",1
"207.46.12.238",1
"89.149.244.240",1
"207.46.204.231",1
"123.125.66.97",1
"99.233.154.119",1
"207.46.204.230",1
"72.29.201.10",1
"68.190.114.233",1
"66.235.124.56",1
"207.46.199.37",1
"207.46.204.188",1
"121.138.194.106",1
"166.203.106.121",1
"173.67.19.186",1
"119.63.198.106",1
"173.67.9.219",1
"123.125.66.124",1
"207.46.204.227",1
"84.201.11.74",1
"207.46.13.100",1
"123.125.66.64",1
"69.84.146.106",1
"67.228.100.138",1
"207.46.13.133",1
"137.200.0.109",1
"162.24.9.213",1
"207.46.204.195",1
"88.131.106.5",1
"88.131.106.8",1
"64.12.116.196",1
"64.12.117.9",1
"64.12.116.201",1
"151.197.122.215",1
"65.52.108.59",1
"207.46.204.191",1
"123.125.66.126",1
"112.118.15.166",1
"207.46.204.235",1
"64.56.103.178",1
"207.46.13.85",1
"208.80.194.31",1
"123.125.66.89",1
"123.125.66.131",1
"207.46.195.227",1
"173.192.34.95",1
"207.46.204.239",1
"193.47.80.43",1
"173.69.200.114",1
"207.46.204.179",1
"186.36.8.153",1
"58.61.164.141",1
"123.125.66.82",1
"200.41.127.118",1
"175.144.97.18",1
"38.111.147.86",1
"123.125.66.62",1
"122.183.250.178",1
"207.46.13.49",1
"207.46.204.229",1
"123.125.66.127",1
"207.46.204.192",1
"207.46.13.46",1
"216.18.169.17",1
"207.46.199.191",1
"119.63.198.31",1
"123.125.66.77",1
"207.241.227.86",1
"72.9.238.26",1
"123.125.66.114",1
"123.125.66.42",1
"123.125.66.66",1
"207.46.13.94",1
"123.125.66.134",1
"207.46.199.182",1
"125.131.95.22",1
"207.46.13.101",1
"207.46.204.187",1
"123.125.66.93",1
"114.56.164.249",1
"65.52.49.141",1
"58.68.52.50",1
"207.46.13.98",1
"123.125.66.85",1
"216.220.216.165",1
"216.220.217.156",1
"216.220.216.180",1
"216.220.216.198",1
"216.220.216.205",1
"216.220.216.152",1
"216.220.216.168",1
"207.46.13.93",1
"207.46.13.88",1
"69.4.199.48",1
"124.115.1.7",1
"123.125.66.79",1
"119.63.198.23",1
"66.92.131.126",1
"66.235.124.57",1
"207.46.13.141",1
"124.115.0.162",1
"66.235.124.58",1
"207.46.13.48",1
"207.46.204.232",1
"69.250.42.63",1
"207.46.199.43",1
"207.46.195.235",1
"64.182.124.219",1
"207.46.204.241",1
"207.46.13.95",1
"119.63.193.56",1
"207.46.195.240",1
"208.80.194.35",1
"119.63.198.18",1
"20.132.68.147",1
"207.46.204.236",1
"207.46.195.239",1
"74.6.76.56",1
"207.46.199.49",1
"65.52.49.76",1
"207.46.13.136",1
"123.125.66.103",1
"68.55.98.89",1
"124.115.6.12",1
"173.13.218.45",1
"67.195.37.167",1
"92.30.156.88",1
"61.5.87.53",1
"190.196.11.130",1
"24.153.124.78",1
"62.159.202.234",1
"207.46.195.228",1
